{
    "basic-floor-plan": {
        "Bedroom 1": [
            229,
            209,
            180
        ],
        "Bedroom 2": [
            494,
            186,
            -90
        ],
        "Bedroom 3": [
            543,
            149,
            -90
        ],
        "Bedroom 4": [
            541,
            235,
            90
        ],
        "Bedroom 5": [
            497,
            276,
            90
        ],
        "Stairs": [
            199,
            110,
            180
        ]
    },
    "FRB2": {
        "Elevator 1": [
            636,
            643,
            -88.15238973400541
        ],
        "Stair 1": [
            670,
            711,
            90.0
        ],
        "Elevator 2": [
            636,
            401,
            -90.0
        ],
        "Stair 2": [
            569,
            410,
            -88.91907581333932
        ],
        "Stair 3": [
            1169,
            612,
            -90.0
        ],
        "550 Lab": [
            594,
            650,
            180.0
        ],
        "Study Space": [
            466,
            800,
            135.0
        ],
        "Conference Room": [
            1113,
            584,
            0.0
        ]
    }
}